speaker,num_questions,av_num_words,objection_ratio,strike_ratio,filename
MR. TIMONEY,8,13.75,0.0,0.0,08-09_Alba_Vidal.csv
MS. NOSARI,438,13.02283105022831,0.0228310502283105,0.0045662100456621,08-09_Alba_Vidal.csv
MR. TIMONEY,3,20.333333333333332,0.0,0.0,08-09_Telesforo_Camacho-Lopez.csv
MS. NOSARI,248,14.778225806451612,0.03225806451612903,0.0,08-09_Telesforo_Camacho-Lopez.csv
MR. CRANE,753,14.03718459495352,0.00398406374501992,0.0,08-14_Robert_Rudd.csv
MR. SHERIDAN,56,18.357142857142858,0.017857142857142856,0.0,08-14_Robert_Rudd.csv
MS. KRENICKY,471,11.157112526539278,0.012738853503184714,0.004246284501061571,08-15_Carla_Brietman.csv
MR. GALLAGHER,178,18.252808988764045,0.028089887640449437,0.0,08-15_Harry_Orner.csv
MR. SWENSON,4,24.25,0.25,0.0,08-16-19_Chris_McGrath_-_Cerneka_vs_Santa_Monica_Props.csv
MS. BACON,464,12.241379310344827,0.05818965517241379,0.004310344827586207,08-16-19_Chris_McGrath_-_Cerneka_vs_Santa_Monica_Props.csv
MR. BAER,116,13.887931034482758,0.02586206896551724,0.0,08-16_Amy_Belz.csv
MR. SILLI,6,9.5,0.0,0.0,08-16_Amy_Belz.csv
MS. HUDACK,144,8.465277777777779,0.0,0.0,08-19_Francis_Stubbs.csv
MS. BARBETTA,425,15.988235294117647,0.03294117647058824,0.0,08-20_Sherrilyn_Hensley.csv
MR. GORODETZER,176,12.8125,0.022727272727272728,0.0,08-20_Tyler_Labus.csv
MS. BILARDO,128,16.96875,0.0234375,0.0,08-23_Tracey_Proietto.csv
MS. ETTL,479,13.728601252609604,0.016701461377870562,0.0,08-27_Francis_Switken.csv
MR. LAVIN,65,15.507692307692308,0.015384615384615385,0.0,08-29-2019_1520_Thursday.csv
MR. SPEZIALI,97,19.103092783505154,0.0,0.010309278350515464,08-29-2019_1520_Thursday.csv
MR. CUMMINS,115,9.652173913043478,0.008695652173913044,0.0,081419L.csv
MR. TROZZOLILLO,298,12.694630872483222,0.05704697986577181,0.0,081419L.csv
MR. INSCHO,768,13.712239583333334,0.07552083333333333,0.009114583333333334,081419SG.csv
MR. INSHCO,2,13.5,0.5,0.0,081419SG.csv
MR. FOLEY,163,22.742331288343557,0.0,0.0,081519A-dc.csv
MS. HENKLE,103,14.233009708737864,0.0,0.0,081519A-dc.csv
MS. HINKLE,11,13.909090909090908,0.0,0.0,081519A-dc.csv
MR. FLAHERTY,71,13.366197183098592,0.028169014084507043,0.0,081519_derek_thomas.csv
MR. OLSZEWSKI,52,22.48076923076923,0.0,0.0,081519_derek_thomas.csv
MR. SPEZIALI,16,56.375,0.0625,0.0,082119drhoward.csv
MS. MCMORRIS,78,22.78205128205128,0.02564102564102564,0.01282051282051282,082119drhoward.csv
MR. MCINNIS,620,9.480645161290322,0.02903225806451613,0.0,082119duke.csv
MS. ALVES,301,13.578073089700997,0.13953488372093023,0.0,082119duke.csv
MR. CROKE,1212,15.924092409240924,0.1443894389438944,0.0024752475247524753,082319.csv
MR. BUCKLEY,422,12.09952606635071,0.002369668246445498,0.0,082319MDavidson(1).csv
MS. BOUCHER,28,9.178571428571429,0.0,0.0,082319MDavidson(1).csv
MR. KELLY,106,11.11320754716981,0.0,0.0,082619_JAMES_GRAY.csv
MS. KATHOPOULIS,34,12.235294117647058,0.0,0.0,082619_JAMES_GRAY.csv
MS. SCHWEIKERT,144,12.979166666666666,0.05555555555555555,0.0,082619_NGUYEN.csv
MS. KATHOPOULIS,32,9.9375,0.0,0.0,082619_TIEN_PHAM.csv
MS. SCHWEIKERT,251,9.812749003984063,0.0,0.0,082619_TIEN_PHAM.csv
MS. KATHOPOULIS,80,11.4375,0.025,0.0,082619_TIEN_VU.csv
MS. SCHWEIKERT,175,13.308571428571428,0.04,0.0,082619_TIEN_VU.csv
MR. FROEHLICH,651,13.998463901689709,0.016897081413210446,0.0,082719AC.csv
MR. SCATENA,14,18.785714285714285,0.07142857142857142,0.0,082719AC.csv
MR. KAPLAN,93,16.29032258064516,0.0,0.0,082719_BRANDON_CHESNEY.csv
MR. MANARA,335,11.086567164179105,0.1701492537313433,0.0,082719_JASMINE_CHOUR.csv
MR. MILLER,339,17.86725663716814,0.10029498525073746,0.0,082819TimothyJenningsMD-Lexitas.csv
MR. MCCARTHY,524,10.48473282442748,0.009541984732824428,0.0,082819_LE_2019-71488_Killion.csv
MR. MANARA,576,10.131944444444445,0.005208333333333333,0.0,082919CC.csv
MR. RONG,55,20.036363636363635,0.01818181818181818,0.0,082919_DR_YARUS1.csv
MS. MCCARTHY,117,14.145299145299145,0.02564102564102564,0.0,082919_DR_YARUS1.csv
MS. ZALKA,1030,17.741747572815534,0.1679611650485437,0.006796116504854369,09-11-19_C._Dayton.csv
MR. DALY,225,8.422222222222222,0.03111111111111111,0.0,090319_JAMES_HUNTER.csv
MS. FRASCELLA,432,9.143518518518519,0.016203703703703703,0.0,090319_JESSICA_MENDEZ.csv
MR. ARNER,248,10.193548387096774,0.016129032258064516,0.0,090319_KHAALIQ_BRANCH.csv
MS. KOSCIELNIAK,566,10.906360424028268,0.0035335689045936395,0.0,090419_AMINATA_WELCOME(1).csv
MR. LEVY,233,10.927038626609441,0.034334763948497854,0.0,090419_YUE_CHAN_LIN(1).csv
MS. GARBER,14,21.5,0.0,0.0,090519_RICE.csv
MS. SEREDA,301,11.950166112956811,0.016611295681063124,0.0,090519_RICE.csv
MS. SEREDA,234,11.7991452991453,0.0,0.0,09051_GILDA_THOMAS.csv
MR. HUTTEMANN,121,10.578512396694215,0.0,0.0,090619_CHERYL_VISCONI.csv
MS. GRANT,124,14.64516129032258,0.008064516129032258,0.0,090619_CHERYL_VISCONI.csv
MR. SAMMI,6,12.166666666666666,0.3333333333333333,0.0,19-0813_Kelly_Boyle_Volume_2(1).csv
MR. SIMONS,973,15.430626927029804,0.08530318602261049,0.0,19-0813_Kelly_Boyle_Volume_2(1).csv
MR. SAMMI,6,12.166666666666666,0.3333333333333333,0.0,19-0813_Kelly_Boyle_Volume_2.csv
MR. SIMONS,973,15.386433710174718,0.0842754367934224,0.0,19-0813_Kelly_Boyle_Volume_2.csv
MR. BORSUK,94,15.51063829787234,0.0,0.0,2019-74224.csv
MS. CORBETT,82,16.353658536585368,0.0,0.0,2019-74224.csv
MR. FLAHERTY,80,19.85,0.0,0.0,2019-74498.csv
MR. LANG,231,17.354978354978353,0.030303030303030304,0.0,2019-74498.csv
MR. COYNE,74,14.337837837837839,0.0,0.0,2019-74700.csv
MR. FOTI,9,21.333333333333332,0.1111111111111111,0.0,2019-74700.csv
MR. ROBINSON,1006,17.687872763419485,0.02584493041749503,0.0009940357852882703,2019-74700.csv
MR. ADAMS,731,16.848153214774282,0.012311901504787962,0.0,2019-74913.csv
MR. TRETTER,29,16.586206896551722,0.06896551724137931,0.034482758620689655,2019-74913.csv
MS. CORBETT,108,14.027777777777779,0.10185185185185185,0.009259259259259259,2019-75052.csv
MR. FLYNN,94,16.79787234042553,0.05319148936170213,0.010638297872340425,2019-75111.csv
MS. GROSS,73,15.821917808219178,0.0958904109589041,0.0136986301369863,2019-75111.csv
"ADAM MARTIN, ESQ",214,22.83177570093458,0.0794392523364486,0.037383177570093455,2019-75199_--_Moline.csv
"JOHN EGAN, ESQ",48,29.0625,0.0,0.0,2019-75199_--_Moline.csv
"MICHAEL JOYCE, ESQ",2,43.5,0.0,0.0,2019-75199_--_Moline.csv
MR. RANDY BARON,154,29.24025974025974,0.05194805194805195,0.0,2019-75313_-_Buffett.csv
MR. ROBERT BARON,15,32.0,0.13333333333333333,0.0,2019-75313_-_Buffett.csv
MR. ATWOOD,107,12.878504672897197,0.009345794392523364,0.0,2019-75313_-_Combs.csv
MR. ROBERT BARON,19,17.842105263157894,0.0,0.0,2019-75313_-_Combs.csv
MR. HELLER,389,22.22107969151671,0.017994858611825194,0.005141388174807198,2019-75933.csv
MS. BARRON,76,15.381578947368421,0.02631578947368421,0.0,2019-75933.csv
MR. SCHOLER,562,14.97508896797153,0.005338078291814947,0.0,7.23.19_Robinson.csv
MR. SABATO,303,11.075907590759076,0.006600660066006601,0.0,7.26.19_Kenneth_Bateman.csv
MS. KRENICKY,437,10.558352402745996,0.004576659038901602,0.002288329519450801,7.29.19_Maya_Nelson.csv
MR. LINN,205,14.478048780487805,0.03902439024390244,0.0,7.29.19_Nelson_v._Lopez.csv
MS. WELCH,519,12.177263969171484,0.005780346820809248,0.0,7.30.19_Kelsey_Peloza.csv
MR. BOSLER,16,19.0625,0.0,0.0,77571LGreen081919.csv
MR. HUFFT,143,14.545454545454545,0.0,0.0,77571LGreen081919.csv
MR. ELLERBE,94,18.361702127659573,0.1702127659574468,0.07446808510638298,8-20-19-B-TS.csv
MR. ROBINSON,4,20.75,0.25,0.0,8-20-19-B-TS.csv
MR. ELLERBE,94,18.361702127659573,0.1702127659574468,0.07446808510638298,8-20-19-B.csv
MR. ROBINSON,4,20.75,0.25,0.0,8-20-19-B.csv
MR. HESS,13,14.846153846153847,0.0,0.0,8-20-19-LEXITAS-2ND-WITNESS.csv
MR. LAVIN,268,12.272388059701493,0.007462686567164179,0.0,8-20-19-LEXITAS-2ND-WITNESS.csv
MR. HESS,138,15.572463768115941,0.021739130434782608,0.0,8-20-19-LEXITAS.csv
MR. ELLERBE,298,15.023489932885907,0.1610738255033557,0.03691275167785235,8-20-19-TS.csv
MR. ROBINSON,66,17.96969696969697,0.030303030303030304,0.0,8-20-19-TS.csv
MR. ELLERBE,298,14.983221476510067,0.15436241610738255,0.03691275167785235,8-20-19.csv
MR. ROBINSON,66,17.96969696969697,0.030303030303030304,0.0,8-20-19.csv
MS. FRARE,336,9.342261904761905,0.002976190476190476,0.0,8-20-19_Benjamin_Jones.csv
MS. KOSCIELNIAK,462,11.333333333333334,0.025974025974025976,0.0,8-28-19-LEX-2nd-WITNESS.csv
MR. GOODSTADT,122,13.647540983606557,0.02459016393442623,0.0,8-28-19-LEXITAS.csv
MS. KOSCIELNIAK,9,12.333333333333334,0.2222222222222222,0.0,8-28-19-LEXITAS.csv
MR. SCHLAGNHAUFER,363,10.071625344352617,0.01928374655647383,0.0,81919_Alona_Shchogol.csv
MR. MASTROGIOVANNI,496,14.340725806451612,0.06854838709677419,0.0020161290322580645,"81919_Michael_Colucciello,_MD.csv"
MR. PATTERSON,419,21.513126491646776,0.13365155131264916,0.0,"81919_Michael_Colucciello,_MD.csv"
MR. WEINBERG,93,13.301075268817204,0.010752688172043012,0.0,81919__Kelly_ODonnell.csv
MR. HILL,9,16.22222222222222,0.1111111111111111,0.0,82019_Bob_Duton.csv
MR. NOCHO,325,13.547692307692307,0.003076923076923077,0.0,82019_Bob_Duton.csv
MR. BLUM,128,19.8046875,0.0078125,0.0,82719_Michael_VanderMaten.csv
MR. SLATTERY,4,20.25,0.0,0.0,82719_Michael_VanderMaten.csv
MR. DAVIS,62,12.096774193548388,0.016129032258064516,0.016129032258064516,82819_Sicilia_Saimesier(1).csv
MR. MILEWSKI,52,9.115384615384615,0.0,0.0,82819_Sicilia_Saimesier(1).csv
MR. DAVIS,62,12.096774193548388,0.016129032258064516,0.016129032258064516,82819_Sicilia_Saimesier.csv
MR. MILEWSKI,52,9.115384615384615,0.0,0.0,82819_Sicilia_Saimesier.csv
MR. BUCILLA,74,17.33783783783784,0.0,0.0,9-4-19-LEXITAS.csv
MR. KENNY,66,17.651515151515152,0.015151515151515152,0.0,9-4-19-LEXITAS.csv
MR. KOLKER,1,21.0,0.0,0.0,90815fec(1).csv
MS. KYLIS,287,20.18815331010453,0.003484320557491289,0.0,90815fec(1).csv
MS. KYLIS,234,19.26923076923077,0.008547008547008548,0.0,90828lip.csv
MS. ALEXANDER,1278,11.935837245696401,0.02034428794992175,0.0,90906mur(1).csv
MR. SHUEY,93,16.881720430107528,0.0,0.0,9319_Dr_Gene_Levinstein.csv
MS. STURGES,52,22.096153846153847,0.038461538461538464,0.0,9319_Dr_Gene_Levinstein.csv
MR. BAER,107,15.36448598130841,0.04672897196261682,0.0,9419_Dr_Stepanuk.csv
MR. SMITH,130,16.00769230769231,0.023076923076923078,0.0,9419_Dr_Stepanuk.csv
MS. FRARE,390,9.948717948717949,0.007692307692307693,0.0,Ahmetovic_v._Kelly_-_3-11-19_-_Ahmetovic.csv
MR. BICKHAM,25,23.56,0.52,0.0,Arredondo_-_Juan_-_8-19-19_-_FINAL.csv
MR. NEWTON,864,11.729166666666666,0.04050925925925926,0.0023148148148148147,Arredondo_-_Juan_-_8-19-19_-_FINAL.csv
MR. NEWTON,818,13.528117359413203,0.04645476772616137,0.0012224938875305623,Arredondo_-_Martin_-_8-19-19_-_FINAL.csv
MR. BENEVIDES,234,13.307692307692308,0.021367521367521368,0.004273504273504274,Aug15H_M_1.csv
MR. RAMSDELL,103,13.54368932038835,0.019417475728155338,0.0,Aug15H_M_1.csv
MS. CLOUTIER,90,15.777777777777779,0.0,0.011111111111111112,Aug15H_M_1.csv
MS. SCALISI,5,17.6,0.0,0.0,Aug15H_M_1.csv
MR. ARCHINACO,1372,21.000728862973762,0.07361516034985423,0.03498542274052478,BBertke.csv
MR. WIENCEK,198,13.393939393939394,0.16161616161616163,0.0,BBertke.csv
MR. POOLE,13,14.692307692307692,0.0,0.0,c090419_epp(1).csv
MS. HELLER,487,10.956878850102669,0.028747433264887063,0.0,c090419_epp(1).csv
MS. NURSE-GOODISON,11,18.636363636363637,0.09090909090909091,0.0,c090419_epp(1).csv
MR. BLUM,98,15.193877551020408,0.0,0.0,Capitol_Indemnity_Corporation_v._Euro_Motorcars_Devon_-_8-19-19_-_Clemens_-_FINAL.csv
MR. DIVIS,8,16.125,0.0,0.0,Capitol_Indemnity_Corporation_v._Euro_Motorcars_Devon_-_8-19-19_-_Clemens_-_FINAL.csv
MR. BLUM,126,14.119047619047619,0.0,0.0,Capitol_Indemnity_Corporation_v._Euro_Motorcars_Devon_-_8-19-19_-_Reiff_-_FINAL.csv
MR. DIVIS,1,11.0,0.0,0.0,Capitol_Indemnity_Corporation_v._Euro_Motorcars_Devon_-_8-19-19_-_Reiff_-_FINAL.csv
MR. BLUM,609,15.817733990147783,0.006568144499178982,0.0,Capitol_Indemnity_Corporation_v._Euro_Motorcars_Devon_-_8-20-19_-_Clemens_-_FINAL.csv
MR. DIVIS,51,19.745098039215687,0.0196078431372549,0.0,Capitol_Indemnity_Corporation_v._Euro_Motorcars_Devon_-_8-20-19_-_Clemens_-_FINAL.csv
MR. SLATTERY,1,34.0,0.0,0.0,Capitol_Indemnity_Corporation_v._Euro_Motorcars_Devon_-_8-20-19_-_Clemens_-_FINAL.csv
MR. BLUM,234,16.705128205128204,0.008547008547008548,0.0,Capitol_Indemnity_Corporation_v._Euro_Motorcars_Devon_-_8-20-19_-_Curtis_-_FINAL.csv
MR. DIVIS,66,12.151515151515152,0.0,0.0,Capitol_Indemnity_Corporation_v._Euro_Motorcars_Devon_-_8-20-19_-_Curtis_-_FINAL.csv
MR. BLUM,185,15.583783783783783,0.021621621621621623,0.0,Capitol_Indemnity_Corporation_v._Euro_Motorcars_Devon_-_8-26-19_-_Farr_-_FINAL.csv
MR. BLUM,89,17.359550561797754,0.011235955056179775,0.0,Capitol_Indemnity_Corporation_v._Euro_Motorcars_Devon_-_8-26-19_-_Petrovich_-_FINAL.csv
MR. BLUM,375,15.352,0.013333333333333334,0.0,Capitol_Indemnity_Corporation_v._Euro_Motorcars_Devon_-_8-28-19_-_Smith_-_FINAL.csv
MR. BLUM,108,16.694444444444443,0.018518518518518517,0.0,Capitol_Indemnity_Corporation_v._Euro_Motorcars_Devon_-_8-29-19_-_Bennett_-_FINAL.csv
MR. GARBARINO,3,27.666666666666668,0.0,0.0,Capitol_Indemnity_Corporation_v._Euro_Motorcars_Devon_-_8-29-19_-_Bennett_-_FINAL.csv
MR. BLUM,89,19.269662921348313,0.033707865168539325,0.0,Capitol_Indemnity_Corporation_v._Euro_Motorcars_Devon_-_8-29-19_-_Hart_-_FINAL.csv
MR. GARBARINO,2,18.5,0.0,0.0,Capitol_Indemnity_Corporation_v._Euro_Motorcars_Devon_-_8-29-19_-_Hart_-_FINAL.csv
MR. AGUDELO,175,16.251428571428573,0.13714285714285715,0.0,"Collins,_Mary_-_Vol._1(1).csv"
MR. DEATON,101,16.900990099009903,0.04950495049504951,0.0,"Collins,_Mary_-_Vol._1(1).csv"
MR. SUGARMAN,205,18.517073170731706,0.03414634146341464,0.004878048780487805,"Collins,_Mary_-_Vol._1(1).csv"
MS. BATCHELDER,110,11.363636363636363,0.02727272727272727,0.00909090909090909,"Collins,_Mary_-_Vol._1(1).csv"
MS. VELLUCCI,30,14.566666666666666,0.03333333333333333,0.0,"Collins,_Mary_-_Vol._1(1).csv"
MR. BYRON,827,14.607013301088271,0.10278113663845223,0.0024183796856106408,DGS_v._State_Center_-_8-22-19_-_Carroll_-_FINAL.csv
MR. ROSENFELD,14,26.5,0.35714285714285715,0.0,DGS_v._State_Center_-_8-22-19_-_Carroll_-_FINAL.csv
MR. KENNY,423,13.877068557919621,0.026004728132387706,0.002364066193853428,"Donovan,_Lawrence_-_Vol._I.csv"
MR. LYNCH,54,13.703703703703704,0.0,0.0,"Donovan,_Lawrence_-_Vol._I.csv"
MS. HOCKMEYER,32,16.09375,0.0,0.0,"Donovan,_Lawrence_-_Vol._I.csv"
MR. APJOHN,31,9.774193548387096,0.0,0.0,"Donovan,_Lawrence_-_Vol._II.csv"
MR. COSTELLO,90,16.57777777777778,0.011111111111111112,0.0,"Donovan,_Lawrence_-_Vol._II.csv"
MR. KENNY,23,12.956521739130435,0.0,0.0,"Donovan,_Lawrence_-_Vol._II.csv"
MR. LYNCH,410,11.414634146341463,0.014634146341463415,0.0024390243902439024,"Donovan,_Lawrence_-_Vol._II.csv"
MR. SIMONS,27,17.185185185185187,0.0,0.0,"Donovan,_Lawrence_-_Vol._II.csv"
MS. HOCKMEYER,71,14.535211267605634,0.0,0.0,"Donovan,_Lawrence_-_Vol._II.csv"
MR. ADAMS,19,14.894736842105264,0.2631578947368421,0.0,Edward_Finn_12-10-18_(Vol._2).csv
MR. BOSTON,32,19.1875,0.0625,0.0,Edward_Finn_12-10-18_(Vol._2).csv
MR. CARON,13,21.53846153846154,0.23076923076923078,0.0,Edward_Finn_12-10-18_(Vol._2).csv
MR. DEATON,759,11.903820816864295,0.057971014492753624,0.0,Edward_Finn_12-10-18_(Vol._2).csv
MR. DRAGGA,9,17.0,0.0,0.0,Edward_Finn_12-10-18_(Vol._2).csv
MR. DWYER,7,24.714285714285715,0.14285714285714285,0.0,Edward_Finn_12-10-18_(Vol._2).csv
MR. HIRSHBERG,37,15.64864864864865,0.08108108108108109,0.0,Edward_Finn_12-10-18_(Vol._2).csv
MR. RACETTE,81,16.80246913580247,0.18518518518518517,0.0,Edward_Finn_12-10-18_(Vol._2).csv
MR. THOMEN,96,14.364583333333334,0.11458333333333333,0.020833333333333332,Edward_Finn_12-10-18_(Vol._2).csv
MR. ZAMALOFF,47,25.48936170212766,0.2553191489361702,0.0425531914893617,Edward_Finn_12-10-18_(Vol._2).csv
MS. BATCHELDER,15,16.466666666666665,0.2,0.0,Edward_Finn_12-10-18_(Vol._2).csv
MS. COHEN,30,14.833333333333334,0.13333333333333333,0.0,Edward_Finn_12-10-18_(Vol._2).csv
MS. GRIGGS,15,22.4,0.13333333333333333,0.0,Edward_Finn_12-10-18_(Vol._2).csv
MS. JACKSON,51,11.215686274509803,0.0392156862745098,0.0,Edward_Finn_12-10-18_(Vol._2).csv
MS. MACKLER,8,18.375,0.0,0.0,Edward_Finn_12-10-18_(Vol._2).csv
MS. NWABUZOR,16,12.25,0.0625,0.0,Edward_Finn_12-10-18_(Vol._2).csv
MS. RIORDAN,40,21.575,0.125,0.0,Edward_Finn_12-10-18_(Vol._2).csv
MS. SEIGAL,11,29.727272727272727,0.18181818181818182,0.09090909090909091,Edward_Finn_12-10-18_(Vol._2).csv
MS. SHANNON,32,12.875,0.25,0.0,Edward_Finn_12-10-18_(Vol._2).csv
MS. WARREN,21,21.238095238095237,0.2857142857142857,0.0,Edward_Finn_12-10-18_(Vol._2).csv
MR. CARON,83,15.626506024096386,0.08433734939759036,0.0,Edward_Finn_12-7-18_(Vol._1).csv
MR. DRAGGA,29,12.551724137931034,0.06896551724137931,0.0,Edward_Finn_12-7-18_(Vol._1).csv
MR. DWYER,2,19.0,0.0,0.0,Edward_Finn_12-7-18_(Vol._1).csv
MR. SANETTI,13,17.153846153846153,0.07692307692307693,0.0,Edward_Finn_12-7-18_(Vol._1).csv
MR. THOMEN,35,12.485714285714286,0.0,0.0,Edward_Finn_12-7-18_(Vol._1).csv
MR. URBANSKI,38,10.894736842105264,0.0,0.0,Edward_Finn_12-7-18_(Vol._1).csv
MR. ZAMALOFF,39,18.23076923076923,0.23076923076923078,0.0,Edward_Finn_12-7-18_(Vol._1).csv
MS. BATCHELDER,118,14.101694915254237,0.06779661016949153,0.025423728813559324,Edward_Finn_12-7-18_(Vol._1).csv
MS. JACKSON,44,13.568181818181818,0.022727272727272728,0.0,Edward_Finn_12-7-18_(Vol._1).csv
MS. RIORDAN,326,19.125766871165645,0.03374233128834356,0.0,Edward_Finn_12-7-18_(Vol._1).csv
MR. ARCHINACO,683,20.052708638360176,0.06149341142020498,0.03074670571010249,ESheroian.csv
MR. WIENCEK,128,13.578125,0.1875,0.0,ESheroian.csv
MR. GLAHN,4,13.0,0.0,0.0,"Ferguson,_Charles__021004.csv"
MR. HOLBROOK,118,15.64406779661017,0.1271186440677966,0.0,"Ferguson,_Charles__021004.csv"
MS. ZIVKOVIC,103,11.475728155339805,0.02912621359223301,0.009708737864077669,"Ferguson,_Charles__021004.csv"
MR. CARLIS,423,19.53191489361702,0.1276595744680851,0.02364066193853428,FINAL_083019_#75461_Barry_Bell_-_Jamex_v_Whiting_-_Lexitas.csv
MR. NEWTON,869,13.11162255466053,0.03452243958573072,0.004602991944764097,Fuentes_-_Jose_-_8-20-19_-_FINAL.csv
MR. HASHMALL,367,25.626702997275203,0.01907356948228883,0.0,Hall_v._TransUnion_Rental_-_9-5-19_-_Landreth_-_FINAL.csv
MS. CUEVAS,1404,14.146723646723647,0.027065527065527065,0.0035612535612535613,Hodges_v._Wal-Mart_-_8-29-19_-_G._West_-_FINAL.csv
MR. CUEVAS,507,13.268244575936883,0.0019723865877712033,0.0039447731755424065,Hodges_v._Wal-Mart_-_8-29-19_-_S._West_-_FINAL.csv
MR. WRAY,924,17.248917748917748,0.022727272727272728,0.0,Hodges_v._Wal-Mart_-_8-30-19_-_Hodges_-_FINAL(1).csv
MR. LOVEALL,75,13.08,0.04,0.0,Jane_Witham_08-23-19.csv
MS. LOPEZ,43,20.325581395348838,0.0,0.0,Jane_Witham_08-23-19.csv
MS. THEBAUD,29,13.448275862068966,0.06896551724137931,0.0,Jane_Witham_08-23-19.csv
MR. LOVEALL,130,12.423076923076923,0.023076923076923078,0.0,Jessica_Quist_08-23-19.csv
MR. MCLAUGHLIN,5,8.4,0.0,0.0,Jessica_Quist_08-23-19.csv
MS. LOPEZ,69,14.797101449275363,0.043478260869565216,0.0,Jessica_Quist_08-23-19.csv
MS. THEBAUD,18,13.944444444444445,0.0,0.0,Jessica_Quist_08-23-19.csv
MR. ARCHINACO,392,18.01530612244898,0.07397959183673469,0.02295918367346939,JHaaser.csv
MR. WIENCEK,137,12.437956204379562,0.11678832116788321,0.0,JHaaser.csv
MR. DONOHUE,14,18.285714285714285,0.14285714285714285,0.0,Jurka_Donna_8-15-19.csv
MR. ROSSETTI,9,19.666666666666668,0.1111111111111111,0.0,Jurka_Donna_8-15-19.csv
MS. KAPLAN,229,15.694323144104803,0.039301310043668124,0.008733624454148471,Jurka_Donna_8-15-19.csv
MR. TODD,455,16.747252747252748,0.026373626373626374,0.0,Lawrence_Meeks.csv
MR. JARCHI,4,31.0,0.25,0.0,Lee_v_Hobart_-_8-26-19_-_Galatsis_-_FINAL.csv
MR. TAYAB,1428,15.787114845938376,0.2030812324929972,0.004901960784313725,Lee_v_Hobart_-_8-26-19_-_Galatsis_-_FINAL.csv
MR. CROSS,1153,22.791847354726798,0.1795316565481353,0.0,Lee_v_Hobart_-_9-9-19_-_Jones_-_FINAL.csv
MR. JARCHI,6,30.0,0.5,0.0,Lee_v_Hobart_-_9-9-19_-_Jones_-_FINAL.csv
MS. BALDWIN,317,13.296529968454259,0.14826498422712933,0.006309148264984227,LEXITAS_JOB_NO._2019-75529-BALDWIN.csv
MR. WAWRO,854,17.574941451990632,0.16159250585480095,0.0,LOOPERFinal.csv
MS. LUNCEFORD,792,11.404040404040405,0.017676767676767676,0.0,Lucatero_-_Irma_-_8-27-19_-_FINAL.csv
MR. ADELMAN,12,23.583333333333332,0.08333333333333333,0.0,"Martinez,_Manuel_200777.csv"
MR. SUN,910,10.971428571428572,0.00989010989010989,0.0,"Martinez,_Manuel_200777.csv"
MR. LOVEALL,169,13.70414201183432,0.04142011834319527,0.0,Melissa_Pomeroy_08-23-19.csv
MR. MCLAUGHLIN,6,10.666666666666666,0.16666666666666666,0.0,Melissa_Pomeroy_08-23-19.csv
MS. THEBAUD,15,17.066666666666666,0.13333333333333333,0.0,Melissa_Pomeroy_08-23-19.csv
MS. EAGER,346,10.939306358381502,0.0,0.0,Moragne_082919.csv
MR. HOOVER,1601,13.73266708307308,0.004372267332916927,0.0012492192379762648,"Morton,_David_-_Vol._1.csv"
MR. BECERRA,531,14.186440677966102,0.026365348399246705,0.007532956685499058,"Morton,_David_-_Vol._1_-_Video.csv"
MR. COSTA,89,13.696629213483146,0.06741573033707865,0.011235955056179775,"Morton,_David_-_Vol._1_-_Video.csv"
MR. HOOVER,172,20.197674418604652,0.09883720930232558,0.011627906976744186,"Morton,_David_-_Vol._1_-_Video.csv"
MR. SIMONS,94,25.51063829787234,0.3191489361702128,0.010638297872340425,"Morton,_David_-_Vol._1_-_Video.csv"
MS. ROSENBLEET,4,23.5,0.0,0.0,"Morton,_David_-_Vol._1_-_Video.csv"
MS. SHANNON,42,13.285714285714286,0.23809523809523808,0.023809523809523808,"Morton,_David_-_Vol._1_-_Video.csv"
MR. HOOVER,559,14.869409660107335,0.0035778175313059034,0.0035778175313059034,"Morton,_David_-_Vol._2.csv"
MR. LENKIEWICZ,185,17.372972972972974,0.05405405405405406,0.005405405405405406,"Morton,_David_-_Vol._2.csv"
MR. MOCCIA,186,19.806451612903224,0.06451612903225806,0.03225806451612903,"Morton,_David_-_Vol._2.csv"
MR. SIMONS,365,20.008219178082193,0.052054794520547946,0.024657534246575342,"Morton,_David_-_Vol._2.csv"
MR. WASIL,18,17.944444444444443,0.0,0.0,"Morton,_David_-_Vol._2.csv"
MS. DOUCETT,35,14.514285714285714,0.02857142857142857,0.0,"Morton,_David_-_Vol._2.csv"
MS. SHANNON,9,15.333333333333334,0.0,0.0,"Morton,_David_-_Vol._2.csv"
MR. BECERRA,20,17.3,0.15,0.0,"Morton,_David_-_Vol._3.csv"
MR. GEORGE,28,20.785714285714285,0.14285714285714285,0.0,"Morton,_David_-_Vol._3.csv"
MR. HOOVER,292,15.133561643835616,0.030821917808219176,0.00684931506849315,"Morton,_David_-_Vol._3.csv"
MR. LYONS,224,14.611607142857142,0.03571428571428571,0.004464285714285714,Nicolo_Fazzino_8-13-19.csv
MR. SQUITIERO,806,12.765508684863523,0.008684863523573201,0.0,Nicolo_Fazzino_8-13-19.csv
MR. NEWTON,551,12.161524500907442,0.1161524500907441,0.0018148820326678765,Nobles_-_Eduardo_-_8-26-19_-_FINAL.csv
MR. MAYER,603,10.774461028192372,0.003316749585406302,0.0,O_Connell_v._Gottwald_-_8-15-19_-_Gottwald.csv
MR. FITZGERALD,110,16.8,0.00909090909090909,0.0,Robin_Smith_08-22-19.csv
MR. FITZPATRICK,233,24.051502145922747,0.055793991416309016,0.0,Robin_Smith_08-22-19.csv
MR. HARRISON,527,18.259962049335865,0.007590132827324478,0.0,RT091119-0823_xf.csv
MR. HELLER,46,11.326086956521738,0.043478260869565216,0.0,RT091119-0823_xf.csv
MS. BARRON,193,15.481865284974093,0.0051813471502590676,0.0,RT091119-0823_xf.csv
MR. GREENSTONE,479,24.455114822546975,0.19206680584551147,0.0,"Salzmann,_Richard_-_IMO_Industries_-_Vol._I.csv"
MS. VELLUCCI,726,12.764462809917354,0.004132231404958678,0.005509641873278237,"Sazanowicz,_Joseph_-_Vol._1.csv"
MR. ARCHINACO,601,20.938435940099833,0.08319467554076539,0.013311148086522463,SBruhl.csv
MR. WIENCEK,10,23.4,0.0,0.0,SBruhl.csv
MR. ARCHINACO,600,20.398333333333333,0.16166666666666665,0.05333333333333334,SPorterfield.csv
MR. WIENCEK,126,13.365079365079366,0.14285714285714285,0.0,SPorterfield.csv
MR. PRICE,1081,15.94449583718779,0.1341350601295097,0.0018501387604070306,Transcript_for_sync_HG082219.csv
MR. ZAKEOSIAN,143,17.27972027972028,0.006993006993006993,0.0,Trudnak_and_Rancourt_v._Barth_-_8-27-19_-_Christian_Pizarro_M.D._-_FINAL.csv
MS. LUNCEFORD,951,11.050473186119874,0.006309148264984227,0.0,Vasquez_-_Celina_-_8-29-19_-_FINAL.csv
MR. SAAD,425,12.449411764705882,0.08705882352941176,0.01647058823529412,Vista_Peak_v._AU_Optronics_-_8-7-19_-_Mao_REVISED_FINAL.csv
MR. APREOTESI,4,19.5,0.0,0.0,Vista_Peak_Ventures_v._AU_Optronics_Corp._-_8-26-19_-_Silzars_-_REVISED.csv
MR. TICE,239,17.460251046025103,0.1087866108786611,0.008368200836820083,Vista_Peak_Ventures_v._AU_Optronics_Corp._-_8-26-19_-_Silzars_-_REVISED.csv
MR. MALATESTA,10,14.2,0.0,0.0,"Young,_Della_200776.csv"
MS. HASKELL,366,11.639344262295081,0.0,0.0,"Young,_Della_200776.csv"
